{
    "etage_1": {
      "chambre_1": "Vous êtes un groupe de braqueurs professionnels et vous commencez à explorer l'hôtel Enigma. Votre mission est de trouver les indices disséminés dans chaque chambre. Bonne chance!",
      "chambre_2": "Dans cette chambre, vous découvrez une carte partielle de l'hôtel. Elle montre des passages secrets et des salles cachées. Utilisez cette information à bon escient pour avancer dans votre quête.",
      "chambre_3": "Vous trouvez un dossier contenant des informations sur les systèmes de sécurité de l'hôtel. Vous apprenez qu'il y a des gardes patrouillant les couloirs et que des alarmes silencieuses sont installées à chaque étage. Soyez vigilants!"
    },
    "etage_2": {
      "chambre_1": "Vous atteignez l'étage 2. Ici, les défis deviennent plus ardus. Vous trouvez un journal laissé par un ancien résident, détaillant ses tentatives infructueuses de trouver la trésorerie. Chaque indice compte, ne les négligez pas.",
      "chambre_2": "Cette chambre contient une note mystérieuse écrite en code. Elle semble contenir des informations cruciales sur la façon de désactiver les systèmes de sécurité. Déchiffrez le code pour avancer.",
      "chambre_3": "Vous trouvez un plan détaillé des rondes des gardes. Vous pouvez maintenant éviter les patrouilles plus efficacement. Cependant, un nouveau défi vous attend : un coffre-fort verrouillé. Trouvez le code pour continuer."
    },
    "etage_3": {
      "chambre_1": "L'étage 3 commence par une rencontre inattendue. Vous découvrez qu'un autre groupe de braqueurs a tenté de pénétrer dans l'hôtel récemment. Leur équipement abandonné pourrait être utile.",
      "chambre_2": "Vous trouvez un ancien document qui révèle que l'hôtel Enigma a été construit sur des fondations anciennes. Ces fondations cachent des passages secrets menant à des chambres inaccessibles par les moyens conventionnels.",
      "chambre_3": "La tension monte alors que vous approchez de la trésorerie. Cette chambre contient une clé mystérieuse et une énigme complexe. Résolvez l'énigme pour découvrir l'utilisation de la clé et progresser vers le prochain étage."
    }
}
  